source,target,transmitter,receptor,minimum_distance,source_doi,target_doi
node204,node145,KJH,KJHR9,606.0,doi:95.1806/104,doi:38.9935/044
node7,node265,LBE,LBER3,474.5,doi:34.8685/737,doi:24.0424/145
node152,node280,TOH,TOHR4,599.7,doi:07.5373/623,doi:29.5464/081
node47,node60,UNP,UNPR7,375.0,doi:65.8789/192,doi:86.1402/843
node127,node79,BHR,BHRR1,600.2,doi:46.7494/134,doi:19.0009/536
node87,node266,OGH,OGHR2,408.6,doi:60.6887/303,doi:00.5891/792
node211,node207,SWK,SWKR7,183.8,doi:71.3829/631,doi:70.0174/535
node124,node202,LBN,LBNR9,495.6,doi:94.6531/881,doi:70.6904/631
node237,node189,WHJ,WHJR7,190.5,doi:28.7822/083,doi:16.0880/527
node255,node140,AHG,AHGR1,880.5,doi:81.9480/390,doi:68.2840/093
node83,node26,SZC,SZCR1,97.2,doi:84.1764/704,doi:99.9888/017
node32,node145,EVD,EVDR5,911.4,doi:55.4234/141,doi:68.2970/155
node96,node148,EDZ,EDZR3,48.5,doi:92.4254/136,doi:57.8891/541
node59,node62,ZXC,ZXCR6,994.6,doi:31.5647/181,doi:59.1075/589
node76,node85,LJF,LJFR7,911.5,doi:50.1025/064,doi:18.0268/589
node182,node121,YOE,YOER3,854.3,doi:32.7762/082,doi:59.9660/304
node11,node16,AZS,AZSR1,582.1,doi:87.3225/390,doi:60.7622/822
node275,node5,TDF,TDFR5,451.2,doi:73.2635/998,doi:74.3884/621
node212,node87,WPD,WPDR5,189.4,doi:42.9697/756,doi:77.8810/155
node181,node203,OIW,OIWR2,910.9,doi:63.3810/439,doi:86.1194/209
node199,node40,VUR,VURR6,810.4,doi:66.3592/406,doi:81.3491/034
node100,node30,HLC,HLCR9,82.2,doi:12.8262/058,doi:84.9971/299
node168,node133,QVA,QVAR6,82.4,doi:11.6269/624,doi:80.0097/900
node98,node28,LES,LESR4,393.6,doi:52.6681/695,doi:08.0321/561
node95,node49,FZO,FZOR9,940.1,doi:01.1432/436,doi:51.0416/238
node186,node235,GSA,GSAR5,436.1,doi:01.1697/651,doi:84.8328/982
node301,node204,JDY,JDYR5,464.5,doi:38.5445/623,doi:41.4262/660
node48,node53,VKH,VKHR1,172.7,doi:50.4364/181,doi:50.2724/378
node62,node214,HRS,HRSR7,333.3,doi:05.8247/055,doi:81.1793/242
node97,node2,TYJ,TYJR8,458.8,doi:96.1529/516,doi:06.1659/360
node230,node24,GCN,GCNR2,659.8,doi:01.1046/566,doi:56.1775/635
node293,node292,RDP,RDPR5,762.1,doi:06.9927/684,doi:20.6295/908
node258,node272,BLZ,BLZR9,702.7,doi:19.6501/424,doi:27.5110/034
node110,node2,KND,KNDR1,757.9,doi:40.5481/539,doi:80.5760/224
node174,node298,VFL,VFLR2,684.7,doi:54.5570/342,doi:20.1851/196
node54,node109,ADS,ADSR7,834.0,doi:94.3700/544,doi:85.5621/568
node95,node276,RLU,RLUR8,249.8,doi:35.1266/984,doi:48.0863/307
node156,node197,WLP,WLPR2,938.8,doi:31.6226/698,doi:04.6376/074
node38,node175,EST,ESTR8,422.1,doi:76.3499/668,doi:20.8804/333
node233,node105,CGH,CGHR5,270.7,doi:77.1052/357,doi:98.0488/830
node301,node36,TWM,TWMR2,211.3,doi:85.0089/687,doi:39.1937/249
node78,node129,TWJ,TWJR5,809.9,doi:81.4495/950,doi:91.3602/509
node127,node18,QYF,QYFR7,400.1,doi:02.2927/858,doi:55.5219/959
node84,node215,QXY,QXYR1,139.1,doi:71.6465/318,doi:37.3018/417
node113,node17,VIE,VIER7,606.7,doi:81.4070/078,doi:41.3321/355
node171,node33,MAG,MAGR1,443.8,doi:12.0533/534,doi:06.2656/706
node32,node97,GQH,GQHR6,839.0,doi:31.9183/986,doi:53.0176/222
node32,node149,HTV,HTVR7,474.9,doi:34.6547/617,doi:11.6984/405
node203,node238,MIT,MITR8,468.5,doi:21.9608/186,doi:36.4138/765
node237,node131,ZVG,ZVGR9,283.0,doi:64.1486/849,doi:48.3178/192
node146,node111,SBF,SBFR5,17.0,doi:93.3330/911,doi:53.1619/194
node232,node205,JHU,JHUR7,399.6,doi:01.2834/805,doi:92.4041/709
node142,node20,WDI,WDIR2,71.9,doi:57.2277/540,doi:18.2360/180
node265,node274,CAV,CAVR5,721.1,doi:65.0334/719,doi:48.7819/728
node249,node182,SKY,SKYR8,69.5,doi:96.9923/920,doi:59.8144/092
node81,node151,LEY,LEYR1,504.5,doi:90.3552/956,doi:80.5406/334
node110,node225,FON,FONR8,63.7,doi:67.9661/054,doi:92.7025/408
node18,node49,EWU,EWUR2,998.1,doi:42.1812/051,doi:67.5844/097
node226,node229,NTX,NTXR5,624.4,doi:40.4821/879,doi:35.4348/215
node295,node52,IYZ,IYZR1,835.1,doi:98.6002/368,doi:68.9969/042
node236,node238,RID,RIDR4,467.0,doi:72.5285/874,doi:11.2686/762
node205,node59,KYU,KYUR2,741.7,doi:16.0286/816,doi:63.6150/666
node190,node202,WRV,WRVR3,929.9,doi:96.7979/756,doi:06.9847/527
node49,node176,WMD,WMDR9,355.6,doi:51.9038/775,doi:24.3558/148
node252,node37,SGZ,SGZR2,177.8,doi:43.3989/355,doi:71.0529/694
node37,node229,AGT,AGTR6,965.2,doi:41.8004/546,doi:03.1825/640
node237,node97,WAU,WAUR1,134.0,doi:68.5197/775,doi:08.5329/773
node283,node261,OBX,OBXR5,34.4,doi:96.4045/164,doi:89.6261/110
node76,node295,KTC,KTCR6,999.6,doi:02.4725/948,doi:71.2633/882
node149,node62,BWP,BWPR9,858.6,doi:75.2560/295,doi:98.0777/510
node295,node239,RZB,RZBR6,293.2,doi:00.6573/987,doi:95.0096/305
node206,node301,LUN,LUNR4,159.3,doi:54.8679/851,doi:06.8658/372
node54,node119,WUT,WUTR3,255.8,doi:65.0583/351,doi:46.9423/354
node127,node131,GAK,GAKR2,591.1,doi:50.1674/807,doi:44.1755/435
node131,node12,TDJ,TDJR1,838.0,doi:50.8010/023,doi:33.0640/712
node263,node18,FBN,FBNR7,310.4,doi:97.5579/523,doi:53.2062/932
node77,node13,AFV,AFVR1,749.5,doi:31.1891/639,doi:18.4805/515
node95,node241,RNW,RNWR2,333.5,doi:62.5167/566,doi:23.4988/554
node300,node35,EPR,EPRR5,76.3,doi:55.1207/030,doi:88.5329/553
node57,node238,FOM,FOMR6,818.1,doi:54.1123/505,doi:71.1047/995
node35,node172,TLP,TLPR9,708.4,doi:58.2833/275,doi:60.2201/469
node35,node190,ESP,ESPR3,529.1,doi:92.5749/462,doi:89.1505/975
node173,node192,QIA,QIAR7,261.5,doi:62.6587/676,doi:18.4946/035
node258,node281,WKJ,WKJR5,875.7,doi:74.8848/862,doi:91.0367/355
node271,node173,FOE,FOER6,436.7,doi:54.4773/576,doi:04.0004/158
node256,node155,MIK,MIKR5,255.6,doi:49.9102/095,doi:38.3760/401
node222,node245,BHI,BHIR2,480.3,doi:03.7915/045,doi:36.5146/128
node165,node135,TQH,TQHR8,822.9,doi:94.7814/797,doi:96.1434/186
node249,node116,UKJ,UKJR6,229.1,doi:34.4871/253,doi:10.6401/547
node73,node12,OBY,OBYR3,830.3,doi:96.9760/008,doi:79.5335/219
node148,node261,UGN,UGNR3,662.7,doi:82.4784/105,doi:27.2181/024
node293,node138,IGE,IGER5,61.9,doi:67.9656/710,doi:85.8123/936
node194,node254,TKW,TKWR2,13.3,doi:76.1321/021,doi:42.8592/757
node109,node150,QKM,QKMR5,82.5,doi:10.5896/627,doi:38.7872/489
node284,node163,KVT,KVTR4,620.1,doi:55.0537/549,doi:67.6990/076
node74,node193,GKQ,GKQR1,466.7,doi:68.0063/261,doi:52.5170/714
node75,node144,FSO,FSOR6,87.8,doi:62.1902/518,doi:19.0789/474
node121,node136,AFK,AFKR6,765.5,doi:49.4987/844,doi:00.0978/531
node117,node151,UHR,UHRR2,305.1,doi:73.9732/790,doi:82.4101/220
node273,node192,IMY,IMYR4,183.7,doi:07.6041/008,doi:73.3694/966
node69,node277,LXM,LXMR1,278.4,doi:32.9185/764,doi:97.4779/955
node251,node260,VDM,VDMR9,16.2,doi:23.8267/677,doi:98.2351/026
node215,node28,OLB,OLBR1,287.7,doi:85.4502/675,doi:91.1208/542
node181,node227,XQH,XQHR7,681.1,doi:59.9359/645,doi:80.6359/614
node65,node244,UIW,UIWR4,872.4,doi:96.4903/318,doi:86.3449/024
node188,node243,PCR,PCRR5,852.2,doi:62.7450/091,doi:79.9738/196
node197,node136,PVH,PVHR3,959.4,doi:01.4626/670,doi:24.7857/580
node274,node38,EUY,EUYR3,362.9,doi:23.3220/502,doi:85.2038/561
node64,node220,QZB,QZBR8,207.9,doi:32.8203/844,doi:95.6673/729
node209,node85,KVE,KVER8,21.3,doi:90.8787/572,doi:62.7023/057
node130,node139,BYC,BYCR6,164.9,doi:98.2587/390,doi:73.2111/053
node192,node106,ZCW,ZCWR2,102.2,doi:45.6031/783,doi:07.0418/633
node204,node48,UZN,UZNR6,168.8,doi:84.2207/714,doi:25.5099/629
node201,node274,URX,URXR7,588.2,doi:74.3545/894,doi:80.8912/302
node145,node210,UIM,UIMR5,691.3,doi:51.6202/151,doi:89.7641/894
node91,node93,ZOB,ZOBR6,221.8,doi:31.3632/396,doi:75.6988/247
node17,node203,CSU,CSUR2,34.2,doi:46.9516/661,doi:23.1935/599
node196,node269,CTU,CTUR9,294.1,doi:34.6046/267,doi:94.5887/459
node289,node111,SPV,SPVR4,204.8,doi:29.2669/563,doi:22.3080/619
node259,node264,XID,XIDR8,195.5,doi:75.7529/060,doi:44.1704/029
node12,node25,RSI,RSIR6,891.4,doi:82.3468/743,doi:55.9454/429
node30,node84,ESX,ESXR3,750.4,doi:70.5032/250,doi:67.2339/673
node123,node211,SJC,SJCR6,734.3,doi:86.3941/937,doi:72.5196/804
node132,node195,TFH,TFHR1,746.8,doi:08.2981/990,doi:30.5831/323
node181,node100,QNS,QNSR9,490.7,doi:02.0948/172,doi:08.2585/226
node49,node110,UIF,UIFR1,681.0,doi:53.8015/225,doi:72.0842/246
node13,node260,TKP,TKPR7,431.3,doi:94.0033/721,doi:11.8543/264
node207,node284,LJF,LJFR5,559.0,doi:23.2488/091,doi:78.5143/526
node10,node153,ZXV,ZXVR8,301.8,doi:36.9087/640,doi:59.5171/616
node13,node302,VYC,VYCR4,65.9,doi:16.2742/441,doi:24.8846/952
node95,node231,BJL,BJLR5,290.2,doi:88.3624/213,doi:52.6466/806
node8,node192,MZG,MZGR9,986.5,doi:14.6254/431,doi:35.8556/205
node300,node157,TPO,TPOR2,306.9,doi:28.0338/617,doi:58.9426/986
node127,node37,YIP,YIPR3,633.9,doi:31.5998/226,doi:04.3279/965
node35,node105,BTC,BTCR9,728.0,doi:04.5956/732,doi:57.2530/729
node2,node182,XGU,XGUR1,950.7,doi:03.4929/112,doi:94.6818/846
node58,node188,HLA,HLAR1,222.8,doi:23.1426/596,doi:77.1297/464
node9,node243,HRF,HRFR6,149.0,doi:81.1832/133,doi:35.6101/913
node296,node63,JBZ,JBZR2,666.7,doi:36.0874/698,doi:37.7842/419
node287,node295,PJY,PJYR3,148.4,doi:14.3169/098,doi:64.1084/776
node285,node200,WAJ,WAJR6,127.8,doi:53.4640/148,doi:48.7116/730
node56,node177,RED,REDR5,300.3,doi:55.8936/852,doi:66.8375/869
node35,node171,RIM,RIMR4,171.5,doi:41.0082/737,doi:72.8435/597
node173,node133,MUL,MULR6,836.9,doi:68.8397/032,doi:32.1021/713
node175,node279,HTS,HTSR8,214.9,doi:45.2984/077,doi:25.1438/189
node146,node213,BCA,BCAR6,740.7,doi:50.2626/674,doi:34.6696/170
node212,node11,MOQ,MOQR3,745.9,doi:74.7768/743,doi:41.7972/552
node129,node78,ICJ,ICJR1,264.2,doi:85.2880/584,doi:70.9618/249
node5,node276,NJO,NJOR7,836.1,doi:80.5321/559,doi:98.7648/493
node276,node190,POX,POXR1,557.5,doi:29.7772/745,doi:22.6989/057
node113,node277,WEP,WEPR7,38.9,doi:90.9455/860,doi:25.8758/206
node233,node136,VBM,VBMR8,775.9,doi:00.1629/114,doi:11.8968/930
node68,node263,ILH,ILHR1,907.2,doi:71.3059/383,doi:68.3948/916
node246,node227,DUE,DUER9,886.4,doi:52.7506/243,doi:58.0563/125
node276,node143,CGF,CGFR5,409.8,doi:95.2809/461,doi:27.4755/435
node261,node209,QDN,QDNR1,988.5,doi:44.0651/792,doi:88.2836/822
node223,node128,IGJ,IGJR7,395.9,doi:74.7509/819,doi:79.7283/301
node201,node71,IRX,IRXR3,795.6,doi:62.6943/232,doi:13.9598/072
node236,node96,QWR,QWRR2,758.2,doi:90.6600/346,doi:55.2499/411
node276,node100,ASF,ASFR5,133.7,doi:52.4064/642,doi:78.4295/627
node113,node163,PXI,PXIR4,343.5,doi:65.4925/835,doi:59.4729/001
node22,node6,RYE,RYER3,43.8,doi:58.4446/024,doi:81.6877/573
node245,node143,VZU,VZUR2,427.0,doi:70.5953/734,doi:58.8382/468
node251,node241,EXP,EXPR9,60.7,doi:89.0857/701,doi:26.1733/527
node65,node91,RUG,RUGR1,168.5,doi:08.7733/979,doi:96.5864/961
node56,node69,RLY,RLYR7,128.3,doi:62.5959/461,doi:86.4091/338
node204,node198,CPY,CPYR2,661.1,doi:03.8942/567,doi:34.5153/333
node57,node222,GLA,GLAR9,434.1,doi:84.5413/950,doi:08.6317/947
node232,node22,ZQT,ZQTR7,862.3,doi:23.7891/353,doi:21.5921/444
node39,node98,YPM,YPMR4,141.6,doi:28.2685/715,doi:52.4103/456
node37,node142,QAE,QAER4,312.6,doi:73.0248/846,doi:84.1067/244
node243,node118,ZMI,ZMIR6,344.0,doi:34.3370/730,doi:71.1446/625
node156,node31,WXO,WXOR1,16.3,doi:68.6845/130,doi:91.4326/451
node149,node149,KQF,KQFR9,455.8,doi:44.0129/121,doi:23.8824/588
node68,node282,WKQ,WKQR6,89.5,doi:53.1548/618,doi:95.8232/820
node49,node44,LPS,LPSR9,369.1,doi:87.3962/873,doi:15.6973/375
node108,node177,XGW,XGWR1,653.2,doi:29.0736/472,doi:99.8780/513
node81,node34,DKF,DKFR7,548.7,doi:52.2878/113,doi:07.1629/934
node218,node140,HFZ,HFZR6,340.4,doi:15.5540/612,doi:73.9613/842
node75,node291,CXY,CXYR5,396.5,doi:67.2878/646,doi:71.2150/759
node231,node189,TAK,TAKR8,43.7,doi:21.6958/995,doi:91.1484/693
node72,node93,RUB,RUBR6,575.0,doi:40.8940/856,doi:97.6909/836
node105,node294,WLB,WLBR3,30.8,doi:44.4310/079,doi:83.2407/169
node140,node293,INK,INKR4,225.2,doi:05.4117/029,doi:20.1745/467
node284,node39,JQP,JQPR9,201.1,doi:10.1131/948,doi:84.6339/613
node128,node268,OHE,OHER9,883.3,doi:58.7231/974,doi:28.0070/887
node116,node294,SJV,SJVR3,913.3,doi:89.3242/584,doi:20.4279/488
node204,node95,JUP,JUPR4,299.9,doi:14.9477/522,doi:30.6631/982
node79,node76,SXZ,SXZR4,731.1,doi:16.1148/819,doi:84.3226/884
node214,node266,FOQ,FOQR1,656.5,doi:62.5788/865,doi:74.8472/698
node196,node203,XAP,XAPR7,230.4,doi:13.5254/343,doi:12.9955/891
node64,node76,ACR,ACRR9,452.4,doi:84.5144/035,doi:23.7013/931
node254,node71,KBS,KBSR1,153.5,doi:84.6752/552,doi:57.1113/555
node263,node187,RGM,RGMR2,301.6,doi:34.9088/799,doi:96.0775/385
node62,node261,XVK,XVKR1,76.3,doi:58.0549/530,doi:19.7633/984
node72,node110,DTA,DTAR6,276.9,doi:77.3701/693,doi:51.3903/422
node38,node125,ECL,ECLR2,757.6,doi:98.5314/765,doi:67.8219/091
node138,node237,FSV,FSVR3,247.7,doi:19.0457/401,doi:19.4722/329
node170,node119,AEO,AEOR5,848.0,doi:58.1430/151,doi:44.9631/368
node256,node210,GCS,GCSR1,947.4,doi:27.4880/674,doi:29.9716/889
node2,node129,ZWK,ZWKR5,693.7,doi:68.4874/591,doi:99.3504/991
node117,node282,VUI,VUIR3,502.6,doi:73.5720/864,doi:62.1285/915
node214,node121,BXP,BXPR4,493.4,doi:58.4324/296,doi:23.6809/871
node179,node242,YTB,YTBR7,727.7,doi:95.0742/404,doi:11.0657/649
node60,node203,RYL,RYLR4,194.1,doi:98.0577/612,doi:49.6855/434
node235,node127,WXA,WXAR2,385.2,doi:57.1294/703,doi:26.5636/668
node129,node90,TFS,TFSR9,564.8,doi:76.1243/810,doi:52.2197/950
node37,node2,THF,THFR8,60.8,doi:19.4551/166,doi:22.6379/341
node116,node243,EBG,EBGR5,51.1,doi:55.6749/454,doi:51.8829/438
node69,node125,ATY,ATYR2,946.1,doi:52.2669/424,doi:74.5724/032
node173,node13,UMR,UMRR7,430.4,doi:00.2472/547,doi:98.5880/312
node294,node270,YBZ,YBZR2,330.0,doi:15.9659/348,doi:91.4829/540
node172,node270,SPE,SPER5,109.7,doi:09.6324/939,doi:52.2046/270
node14,node160,LMR,LMRR5,272.5,doi:28.5488/035,doi:16.0104/785
node268,node19,EVN,EVNR8,717.0,doi:91.9761/879,doi:15.7210/433
node254,node108,PRT,PRTR5,371.8,doi:32.9701/458,doi:17.1995/247
node235,node160,YFT,YFTR2,568.6,doi:71.2905/811,doi:16.3252/262
node271,node154,XPJ,XPJR1,181.5,doi:90.2348/983,doi:25.8485/011
node2,node74,JFB,JFBR7,343.8,doi:66.6521/024,doi:45.1697/349
node185,node132,RHG,RHGR9,512.8,doi:50.4729/269,doi:27.0929/789
node106,node105,VXR,VXRR1,205.3,doi:44.7788/355,doi:77.2388/941
node228,node219,PEO,PEOR7,654.2,doi:38.9519/194,doi:41.9801/015
node168,node260,MXE,MXER9,444.3,doi:64.2440/333,doi:16.9117/438
node89,node38,AZU,AZUR6,379.3,doi:97.7951/761,doi:53.1547/848
node67,node251,KVX,KVXR4,682.5,doi:60.0958/604,doi:46.5371/867
node143,node245,WZR,WZRR9,434.1,doi:62.5972/816,doi:58.3019/147
node263,node162,SCR,SCRR5,316.3,doi:95.3395/374,doi:43.0034/834
node196,node50,HXM,HXMR2,707.2,doi:51.4066/548,doi:99.5249/247
node49,node260,OXF,OXFR7,701.0,doi:23.6157/670,doi:29.9381/829
node166,node224,JOH,JOHR2,61.3,doi:35.9742/078,doi:80.4954/506
node157,node65,OFB,OFBR4,536.1,doi:01.9835/503,doi:42.8682/684
node61,node42,WBI,WBIR8,374.1,doi:07.6570/023,doi:68.6304/326
node7,node17,IYZ,IYZR9,252.1,doi:02.7161/528,doi:22.5325/331
node99,node94,VTU,VTUR1,739.9,doi:51.4615/879,doi:57.7316/299
node43,node252,TZJ,TZJR8,691.9,doi:20.7114/094,doi:81.2475/387
node207,node167,ZDA,ZDAR4,481.4,doi:55.6471/208,doi:99.8214/804
node175,node270,TYC,TYCR2,784.2,doi:43.3024/393,doi:69.1478/310
node43,node29,QFO,QFOR2,863.7,doi:80.7636/754,doi:58.2788/265
node79,node24,LDC,LDCR3,716.5,doi:16.2793/559,doi:37.0693/647
node48,node161,REI,REIR9,982.4,doi:88.9839/060,doi:58.9742/960
node99,node149,COL,COLR5,275.1,doi:90.1864/711,doi:97.7744/783
node188,node279,CQD,CQDR7,379.1,doi:87.1450/515,doi:64.0095/709
node63,node94,WKL,WKLR9,732.1,doi:68.9305/270,doi:62.3881/740
node84,node288,JOA,JOAR3,430.3,doi:73.8439/688,doi:86.9409/194
node62,node55,FYJ,FYJR4,488.4,doi:26.7228/319,doi:36.2754/266
node41,node27,MJY,MJYR2,635.3,doi:86.9047/473,doi:28.2192/838
node157,node63,HMS,HMSR6,658.9,doi:87.3925/997,doi:33.3194/761
node131,node276,MNG,MNGR1,851.5,doi:65.5724/416,doi:11.1988/795
node48,node55,OBC,OBCR1,852.9,doi:54.8189/669,doi:40.3357/111
node168,node118,VDG,VDGR6,244.0,doi:83.3497/574,doi:01.5493/678
node148,node231,YLK,YLKR4,841.8,doi:33.5150/321,doi:84.9163/483
node101,node177,YVW,YVWR2,169.6,doi:98.3635/175,doi:38.4258/803
node302,node132,WFT,WFTR1,468.5,doi:14.5439/095,doi:61.8798/112
node194,node164,AQG,AQGR2,351.6,doi:27.5373/971,doi:86.6599/292
node171,node217,ILK,ILKR1,462.9,doi:88.9204/571,doi:89.5082/225
node268,node179,LSB,LSBR2,131.4,doi:27.8146/188,doi:09.1254/009
node104,node280,FQO,FQOR4,973.0,doi:94.8775/192,doi:93.9772/844
node88,node118,VAF,VAFR3,28.7,doi:62.7059/518,doi:28.3519/704
node19,node191,GDA,GDAR9,666.2,doi:43.4083/552,doi:42.3015/352
node133,node25,ZDH,ZDHR5,673.1,doi:73.9907/975,doi:29.2342/944
node138,node24,LXQ,LXQR6,146.6,doi:11.2216/519,doi:11.6788/244
node299,node11,XFL,XFLR6,741.2,doi:51.9555/261,doi:70.5080/909
node248,node290,LGY,LGYR4,213.1,doi:73.7466/932,doi:18.9024/877
node98,node290,HPI,HPIR8,267.8,doi:96.3229/819,doi:75.5713/646
node107,node285,CIQ,CIQR6,140.8,doi:95.1511/594,doi:77.6828/998
node300,node164,ZDY,ZDYR3,234.4,doi:25.8502/459,doi:94.3933/689
node109,node17,KDQ,KDQR6,993.7,doi:40.4586/559,doi:67.4161/181
node177,node118,EJD,EJDR8,695.6,doi:92.0892/328,doi:38.2031/259
node294,node105,FEG,FEGR6,364.0,doi:48.3669/467,doi:56.0432/310
node42,node119,WMS,WMSR1,481.3,doi:63.7052/503,doi:15.8089/145
node251,node183,YWQ,YWQR8,381.3,doi:37.3714/173,doi:09.7370/061
node48,node73,QSO,QSOR1,808.0,doi:03.9467/441,doi:00.9390/555
node278,node251,FQU,FQUR3,709.0,doi:32.1169/351,doi:72.4817/301
node300,node174,VJR,VJRR4,132.5,doi:31.3959/968,doi:43.6642/388
node3,node234,XGQ,XGQR1,356.8,doi:80.8971/465,doi:96.6483/546
node194,node180,UWD,UWDR9,385.8,doi:50.9359/332,doi:37.3202/011
node224,node138,OBE,OBER5,735.2,doi:37.2705/165,doi:40.4818/464
node110,node177,EGB,EGBR4,992.6,doi:99.5143/253,doi:34.9324/628
node120,node217,TEN,TENR2,158.6,doi:26.3419/476,doi:72.6989/059
node10,node93,MLE,MLER6,317.2,doi:76.8360/252,doi:68.9858/421
node272,node78,HMF,HMFR4,453.4,doi:60.0713/209,doi:48.7600/883
node107,node69,NZB,NZBR3,306.5,doi:27.9193/984,doi:29.0598/581
node165,node37,LYQ,LYQR2,562.2,doi:72.1383/679,doi:71.6699/050
node233,node201,FKI,FKIR5,144.0,doi:70.2675/344,doi:27.5014/097
node215,node128,PRA,PRAR6,470.2,doi:75.3582/377,doi:15.7171/737
node236,node297,TZG,TZGR6,124.9,doi:77.0340/132,doi:57.0468/002
node86,node140,MWT,MWTR1,468.2,doi:86.8360/494,doi:85.1885/908
node186,node195,IWJ,IWJR7,425.6,doi:54.6297/191,doi:31.3457/006
node50,node47,LVZ,LVZR3,232.1,doi:28.2148/725,doi:58.4282/132
node112,node286,ORH,ORHR6,289.2,doi:40.1148/576,doi:90.8599/645
node88,node101,BPT,BPTR3,92.6,doi:88.8140/210,doi:90.0705/866
node24,node172,YFT,YFTR4,542.5,doi:11.3879/744,doi:58.0353/290
node206,node262,AHQ,AHQR4,221.7,doi:69.9164/890,doi:31.4585/006
node130,node87,PJU,PJUR9,751.7,doi:76.5550/963,doi:49.5810/939
node36,node5,IUE,IUER3,36.9,doi:83.7872/297,doi:03.0787/172
node228,node214,IMD,IMDR3,277.8,doi:10.1885/347,doi:37.6819/479
node198,node167,HWZ,HWZR7,216.0,doi:37.6540/280,doi:50.3290/914
node44,node215,FGM,FGMR3,475.0,doi:35.9221/327,doi:47.2824/842
node77,node110,QJA,QJAR1,785.9,doi:58.8211/329,doi:43.5208/915
node4,node280,JTN,JTNR4,291.2,doi:10.5846/606,doi:78.2298/889
node193,node178,JXN,JXNR6,317.4,doi:19.0124/508,doi:43.8744/365
node259,node234,XHQ,XHQR6,169.4,doi:46.1469/815,doi:10.4426/965
node10,node29,NCA,NCAR2,741.3,doi:45.3611/943,doi:60.4749/168
node150,node181,ITD,ITDR3,652.0,doi:60.8779/908,doi:12.6258/710
node149,node178,TJM,TJMR8,728.8,doi:05.2561/350,doi:57.8730/759
node86,node140,SVY,SVYR3,985.3,doi:62.6140/694,doi:26.2524/423
node255,node163,KCW,KCWR2,501.7,doi:55.1945/328,doi:39.3287/043
node236,node221,PLJ,PLJR7,474.1,doi:24.5364/187,doi:59.3461/409
node72,node182,MEQ,MEQR2,696.9,doi:70.8601/542,doi:47.4074/356
node46,node252,YGP,YGPR4,845.2,doi:69.1921/801,doi:74.6767/229
node294,node299,PUB,PUBR3,69.3,doi:22.5204/307,doi:60.8786/554
node108,node146,KRQ,KRQR4,921.7,doi:48.6700/637,doi:12.0971/641
node232,node290,RNW,RNWR5,716.9,doi:52.7602/700,doi:64.4638/254
node199,node161,YOH,YOHR9,941.2,doi:40.3934/760,doi:44.5161/074
node226,node46,DIR,DIRR5,871.8,doi:28.2001/869,doi:29.0571/578
node302,node124,GPW,GPWR2,36.1,doi:78.2306/266,doi:66.3352/487
node137,node116,PUW,PUWR8,470.1,doi:91.9290/178,doi:64.2193/049
node199,node132,FTM,FTMR1,460.3,doi:06.2459/151,doi:53.8187/572
node46,node298,KJE,KJER2,754.2,doi:62.2987/128,doi:36.6779/985
node178,node27,KCV,KCVR1,154.5,doi:20.2098/427,doi:33.7599/657
node263,node120,UNL,UNLR3,86.9,doi:24.1557/377,doi:29.1652/566
node48,node302,ERQ,ERQR5,391.1,doi:80.3837/744,doi:39.8107/240
node154,node124,RLD,RLDR3,743.6,doi:11.7474/834,doi:28.4426/366
node139,node176,CEN,CENR1,162.8,doi:91.3117/655,doi:09.5686/007
node108,node97,IOP,IOPR1,720.4,doi:03.3783/042,doi:41.4478/801
node254,node103,JTA,JTAR9,380.0,doi:64.7646/368,doi:73.6122/106
node277,node186,FNQ,FNQR3,845.7,doi:49.3869/853,doi:88.4770/752
node153,node292,DFI,DFIR9,57.2,doi:19.0393/744,doi:41.0729/311
node82,node288,WLD,WLDR2,600.3,doi:94.7685/918,doi:45.5275/111
node81,node7,TFM,TFMR3,88.3,doi:27.4540/739,doi:09.4149/946
node150,node32,MLU,MLUR6,540.7,doi:66.7731/090,doi:14.8567/055
node86,node110,WZP,WZPR4,270.6,doi:86.9855/400,doi:84.5706/563
node242,node287,HVU,HVUR4,367.7,doi:61.6420/488,doi:35.8547/618
node93,node220,ERW,ERWR7,733.9,doi:60.0558/423,doi:91.5468/269
node82,node4,GKC,GKCR1,167.0,doi:91.4044/611,doi:82.7474/036
node185,node37,AOL,AOLR6,608.7,doi:82.6945/648,doi:45.4325/920
node164,node61,UQE,UQER3,46.5,doi:09.4425/324,doi:99.7060/004
node47,node92,ANE,ANER9,301.8,doi:71.4093/732,doi:76.1218/273
node70,node135,AXY,AXYR5,991.4,doi:22.3930/507,doi:32.1835/361
node67,node221,NFY,NFYR6,378.9,doi:70.1878/821,doi:92.0087/560
node268,node273,JHN,JHNR5,700.2,doi:97.3306/906,doi:03.1775/398
node212,node288,RZB,RZBR4,355.4,doi:32.2193/481,doi:69.6143/438
node11,node76,LJE,LJER3,947.3,doi:11.7171/929,doi:46.9103/377
node54,node176,JUQ,JUQR2,147.2,doi:01.1370/811,doi:38.8918/542
node207,node221,LSR,LSRR9,786.7,doi:97.7465/564,doi:60.4756/722
node243,node183,BHY,BHYR4,470.4,doi:07.0497/177,doi:18.0531/347
node153,node33,GKP,GKPR6,440.7,doi:42.4412/907,doi:31.2711/151
node247,node84,UDE,UDER3,911.9,doi:94.5988/144,doi:22.0921/618
node185,node44,NZL,NZLR7,793.7,doi:80.7430/464,doi:19.7479/735
node26,node23,WUF,WUFR5,884.1,doi:01.3814/299,doi:31.6829/244
node148,node188,QYO,QYOR8,105.0,doi:89.8667/945,doi:10.5931/933
node191,node268,FBI,FBIR7,542.3,doi:07.7591/555,doi:94.6028/498
node210,node251,TUP,TUPR3,213.5,doi:91.6689/804,doi:25.8037/071
node110,node13,VBW,VBWR6,968.2,doi:40.3053/920,doi:59.0700/526
node238,node93,XYM,XYMR1,924.4,doi:22.4577/416,doi:54.7740/754
node229,node22,FWT,FWTR2,166.3,doi:08.4677/070,doi:83.8649/907
node95,node138,WZB,WZBR6,150.6,doi:17.4882/532,doi:40.4359/326
node213,node284,LHW,LHWR4,153.2,doi:65.1074/679,doi:78.8933/975
node156,node179,PFW,PFWR1,160.5,doi:24.5352/398,doi:32.4221/504
node114,node89,JQD,JQDR4,293.4,doi:13.2835/852,doi:01.0351/415
node111,node121,AVK,AVKR3,46.4,doi:77.6779/888,doi:43.7357/701
node10,node199,EBO,EBOR5,295.5,doi:87.0641/487,doi:37.6756/712
node153,node210,EAK,EAKR5,764.1,doi:03.3009/865,doi:28.2708/013
node13,node45,ZBV,ZBVR2,823.7,doi:13.5751/281,doi:44.9755/043
node33,node98,SLN,SLNR6,818.6,doi:83.2528/169,doi:11.7682/936
node7,node164,KNA,KNAR9,632.5,doi:87.6196/827,doi:16.0838/587
node135,node49,MAY,MAYR8,641.5,doi:17.2413/929,doi:65.8782/478
node141,node93,UDS,UDSR7,820.4,doi:71.0412/707,doi:53.1477/106
node296,node301,ZFB,ZFBR9,996.6,doi:36.2383/993,doi:42.6695/124
node264,node228,KNR,KNRR8,51.0,doi:11.1027/667,doi:27.2001/279
node177,node111,MKP,MKPR6,745.4,doi:18.8586/872,doi:11.4907/385
node16,node54,OJN,OJNR6,247.8,doi:34.7276/717,doi:49.0871/799
node297,node234,OXZ,OXZR3,572.7,doi:51.8239/777,doi:28.7876/646
node302,node28,EJQ,EJQR5,458.5,doi:91.0325/123,doi:80.3305/447
node268,node159,DSY,DSYR4,889.1,doi:95.2404/713,doi:31.6523/358
node181,node137,FSR,FSRR8,437.0,doi:54.5739/588,doi:97.0195/492
node21,node13,QBD,QBDR7,841.6,doi:92.9736/570,doi:43.2985/548
node278,node51,PXO,PXOR6,455.2,doi:78.3837/544,doi:10.8558/612
node83,node223,VOS,VOSR8,227.1,doi:78.8715/550,doi:93.6605/163
node105,node64,EKN,EKNR6,131.4,doi:43.9999/644,doi:68.5005/861
node23,node55,HIM,HIMR6,490.0,doi:30.9660/647,doi:85.3395/463
node32,node241,WHD,WHDR7,515.5,doi:25.3664/547,doi:50.8246/499
node128,node51,GYT,GYTR3,470.6,doi:36.8781/753,doi:75.4675/034
node226,node70,JFQ,JFQR9,988.2,doi:31.2057/012,doi:43.2130/592
node93,node243,RDP,RDPR3,633.9,doi:48.9100/028,doi:30.2581/252
node70,node296,DIK,DIKR5,228.4,doi:32.5071/207,doi:90.7507/864
node233,node264,XDT,XDTR3,412.5,doi:84.0158/550,doi:14.8085/256
node129,node216,SHF,SHFR7,920.9,doi:27.3353/413,doi:08.6233/969
node246,node284,CIT,CITR6,485.7,doi:28.2762/396,doi:65.1156/201
node248,node163,SHN,SHNR3,456.9,doi:66.9782/453,doi:95.8100/248
node98,node213,GWT,GWTR8,641.3,doi:01.1179/923,doi:47.8164/954
node214,node174,DLY,DLYR4,49.6,doi:69.9408/733,doi:52.0330/464
node223,node269,CIH,CIHR5,546.7,doi:12.7480/526,doi:12.7122/127
node126,node63,FBQ,FBQR1,999.8,doi:48.5778/021,doi:00.9615/293
node276,node42,IHZ,IHZR7,399.3,doi:83.2181/029,doi:78.4137/639
node238,node111,DTI,DTIR8,417.2,doi:08.5661/291,doi:46.8788/610
node272,node67,WNL,WNLR4,26.7,doi:93.3901/019,doi:38.0545/356
node224,node297,IHT,IHTR7,749.3,doi:49.5192/971,doi:19.4879/343
node129,node260,WAJ,WAJR3,662.1,doi:10.7667/351,doi:26.8976/259
node48,node284,YIF,YIFR5,887.8,doi:09.7077/391,doi:80.1138/276
node5,node293,KBT,KBTR5,15.6,doi:62.8847/288,doi:60.3248/561
node166,node114,JGB,JGBR6,715.7,doi:62.9320/998,doi:30.3017/096
node254,node71,FGD,FGDR9,725.2,doi:96.6117/577,doi:38.2960/975
node76,node17,GPW,GPWR3,30.7,doi:57.7760/893,doi:36.3599/867
node57,node152,GKB,GKBR3,645.9,doi:63.9830/373,doi:16.5355/904
node102,node290,RMN,RMNR4,42.7,doi:75.0985/814,doi:86.2056/666
node216,node125,JES,JESR6,948.3,doi:79.0277/183,doi:68.6341/438
node263,node67,BRO,BROR1,62.2,doi:10.9602/768,doi:12.8681/774
node284,node237,DZY,DZYR4,968.4,doi:13.1690/236,doi:07.4634/216
node204,node137,NFS,NFSR8,66.7,doi:59.3863/861,doi:87.9789/473
node189,node36,YDM,YDMR9,565.5,doi:36.1431/976,doi:51.4877/149
node262,node105,ENP,ENPR8,113.5,doi:86.4699/168,doi:13.0231/790
node89,node214,FVA,FVAR8,703.4,doi:94.7765/070,doi:85.7805/448
node172,node92,BNC,BNCR1,731.5,doi:46.9876/486,doi:15.3252/290
node167,node72,CEM,CEMR2,374.1,doi:96.8477/958,doi:14.7790/105
node261,node41,HBI,HBIR7,60.1,doi:15.1236/049,doi:84.9711/064
node169,node35,IBS,IBSR7,985.6,doi:15.2883/212,doi:62.8803/878
node100,node232,LYF,LYFR5,256.0,doi:32.8950/918,doi:96.9541/684
node105,node181,GWE,GWER8,567.6,doi:44.2551/909,doi:92.6368/071
node272,node39,EKU,EKUR4,49.5,doi:63.0599/093,doi:12.0002/166
node242,node238,DXZ,DXZR2,581.4,doi:84.0228/928,doi:15.9190/983
node281,node217,GXD,GXDR5,436.7,doi:16.7629/678,doi:95.9157/429
node289,node40,WEF,WEFR9,897.9,doi:27.2323/675,doi:75.9414/493
node39,node167,MLR,MLRR7,187.0,doi:45.0177/350,doi:84.6814/226
node288,node232,DVM,DVMR2,410.1,doi:17.2588/910,doi:88.5465/733
node227,node165,ZSM,ZSMR5,753.2,doi:91.7129/231,doi:74.7013/523
node299,node288,CEB,CEBR8,287.8,doi:29.2719/980,doi:90.3617/212
node9,node144,UJG,UJGR8,993.6,doi:61.5784/821,doi:81.6764/632
node143,node265,IES,IESR8,741.4,doi:54.5272/074,doi:23.7060/339
node282,node20,LIA,LIAR6,97.7,doi:27.3471/567,doi:55.4301/882
node137,node247,ATQ,ATQR8,196.9,doi:95.3267/000,doi:18.1618/191
node171,node278,YRV,YRVR4,310.1,doi:15.0666/557,doi:61.9831/431
node210,node251,YOH,YOHR4,694.5,doi:08.7400/374,doi:00.6247/023
node201,node143,YSK,YSKR6,684.2,doi:79.3854/379,doi:57.0879/995
node151,node74,LFH,LFHR1,777.7,doi:06.6236/523,doi:49.0107/996
node60,node35,GEJ,GEJR2,630.9,doi:46.7401/858,doi:75.1828/053
node25,node169,AHQ,AHQR7,888.1,doi:23.0668/920,doi:95.0694/472
node109,node58,JHU,JHUR8,65.3,doi:53.1208/602,doi:61.6095/594
node187,node292,JKP,JKPR2,777.4,doi:28.9342/489,doi:96.6107/189
node225,node126,TAP,TAPR1,483.2,doi:33.3040/236,doi:60.1714/503
node290,node152,KMS,KMSR6,495.8,doi:31.7829/591,doi:53.0857/270
node240,node178,FTS,FTSR4,882.9,doi:52.4201/695,doi:29.0435/313
node35,node227,HCW,HCWR4,68.5,doi:74.4913/119,doi:06.7258/867
node214,node29,VJH,VJHR1,976.1,doi:70.5061/685,doi:45.3819/857
node276,node177,SJC,SJCR5,816.3,doi:97.5845/555,doi:34.2813/204
node147,node177,ETS,ETSR4,129.2,doi:16.9440/819,doi:55.1024/770
node79,node147,KHU,KHUR2,461.4,doi:37.7300/425,doi:94.6066/282
node221,node173,WUJ,WUJR7,310.7,doi:87.5876/872,doi:05.3631/181
node88,node302,IVK,IVKR4,931.4,doi:34.6391/636,doi:41.6947/682
node178,node124,MZU,MZUR3,360.9,doi:97.6441/213,doi:40.3418/100
node79,node175,FET,FETR4,444.7,doi:16.2283/314,doi:83.9175/379
node302,node261,XZA,XZAR9,289.4,doi:17.9791/181,doi:34.2623/238
node197,node289,OCA,OCAR7,608.5,doi:77.5267/160,doi:75.6116/524
node179,node216,GHT,GHTR6,205.4,doi:05.3731/929,doi:81.5954/457
node89,node140,PKL,PKLR9,689.5,doi:84.3819/078,doi:82.5084/092
node15,node271,HYA,HYAR2,535.0,doi:34.7015/861,doi:58.2112/716
node52,node257,YRB,YRBR9,123.2,doi:48.5760/866,doi:80.0417/095
node278,node102,ITX,ITXR5,768.2,doi:99.2156/067,doi:07.0045/341
node49,node35,FKY,FKYR8,916.7,doi:48.5535/720,doi:79.6313/076
node145,node56,WBV,WBVR7,102.5,doi:02.5528/161,doi:87.8727/280
node101,node260,YFV,YFVR8,447.6,doi:90.6657/158,doi:40.8821/221
node285,node144,BLN,BLNR2,424.1,doi:46.7797/626,doi:72.5930/131
node173,node31,WTF,WTFR8,265.9,doi:70.8742/537,doi:63.1456/413
node168,node221,LHC,LHCR2,511.9,doi:30.4627/565,doi:69.2634/138
node93,node89,TFM,TFMR3,613.4,doi:47.8575/353,doi:80.9657/032
node152,node181,NSR,NSRR7,302.2,doi:29.2964/013,doi:91.0068/480
node10,node48,YGP,YGPR1,502.0,doi:45.3350/271,doi:14.0498/787
node50,node144,EAW,EAWR3,954.3,doi:02.1116/520,doi:25.7039/762
node85,node220,HUZ,HUZR5,3.4,doi:52.9418/245,doi:77.2285/951
node3,node49,ASW,ASWR5,731.9,doi:74.6711/644,doi:35.1100/732
node178,node186,GYQ,GYQR7,977.0,doi:97.2213/763,doi:53.5196/523
node96,node293,YSB,YSBR8,479.2,doi:52.8824/609,doi:37.1957/597
node167,node274,FDJ,FDJR5,871.4,doi:28.3870/804,doi:48.5186/098
node143,node108,BMX,BMXR8,457.7,doi:39.6399/000,doi:75.0865/321
node143,node54,EOB,EOBR6,989.5,doi:06.6812/413,doi:78.7363/390
node240,node148,VGO,VGOR6,215.8,doi:65.6817/562,doi:42.4295/760
node236,node182,BLQ,BLQR9,314.0,doi:30.5249/353,doi:67.7056/471
node73,node270,CLA,CLAR3,312.3,doi:71.6536/606,doi:27.8228/069
node187,node15,JXS,JXSR9,239.9,doi:91.8252/349,doi:73.1964/005
node45,node244,DOC,DOCR9,896.5,doi:31.1133/650,doi:03.4197/394
node264,node299,VNY,VNYR1,299.5,doi:00.8530/656,doi:44.3841/076
node176,node207,DGZ,DGZR9,852.8,doi:18.9789/606,doi:50.7140/419
node33,node104,HXZ,HXZR9,917.2,doi:89.3390/444,doi:83.7683/425
node217,node23,DWC,DWCR1,97.4,doi:65.8954/573,doi:36.2027/665
node50,node110,QNM,QNMR9,629.6,doi:72.0578/041,doi:86.5645/494
node282,node148,CAW,CAWR1,531.4,doi:97.6641/827,doi:80.2405/515
node41,node45,YIR,YIRR9,48.0,doi:99.8770/051,doi:94.1025/717
node54,node46,JNU,JNUR6,549.6,doi:59.2560/461,doi:67.0978/205
node214,node123,HPK,HPKR7,334.9,doi:43.9699/258,doi:69.0128/666
node75,node278,NOA,NOAR9,290.1,doi:56.2215/910,doi:31.3245/965
node168,node43,TSK,TSKR9,764.7,doi:74.6142/759,doi:45.8837/814
node171,node77,XIR,XIRR8,997.1,doi:55.7700/454,doi:95.4911/647
node150,node218,MWO,MWOR3,509.2,doi:10.7011/643,doi:83.4535/596
node152,node265,TXC,TXCR5,69.2,doi:45.4596/836,doi:11.9827/802
node167,node236,SWY,SWYR5,46.3,doi:60.4409/815,doi:98.0126/926
node277,node53,IPY,IPYR9,371.6,doi:59.1771/796,doi:24.6260/286
node260,node117,HZE,HZER2,422.2,doi:58.6541/584,doi:51.4149/108
node68,node293,UAJ,UAJR5,734.8,doi:30.7550/790,doi:19.6821/803
node205,node227,GNZ,GNZR8,111.7,doi:90.4549/004,doi:03.1020/835
node246,node289,TZG,TZGR7,641.9,doi:49.1480/955,doi:86.0983/422
node161,node205,AIQ,AIQR1,148.5,doi:49.0284/848,doi:48.0436/520
node236,node269,VDA,VDAR2,693.9,doi:04.9444/898,doi:38.7521/533
node11,node276,IVU,IVUR7,775.1,doi:69.8786/253,doi:78.7621/906
node129,node104,JIS,JISR5,219.4,doi:36.6885/489,doi:18.1866/924
node264,node4,BEW,BEWR9,599.7,doi:05.5696/619,doi:05.2515/016
node236,node193,OSW,OSWR8,172.2,doi:25.4474/654,doi:51.4512/611
node138,node124,ASB,ASBR2,663.8,doi:19.4800/875,doi:19.0692/948
node12,node263,NOU,NOUR2,834.3,doi:34.1836/607,doi:53.0645/628
node68,node121,EUJ,EUJR2,997.7,doi:82.8186/660,doi:47.4165/110
node212,node275,BZM,BZMR6,69.2,doi:37.7763/007,doi:90.5109/396
node65,node146,KNC,KNCR3,142.4,doi:04.5322/997,doi:67.7231/401
node218,node8,COB,COBR5,691.8,doi:51.5580/726,doi:67.6048/326
node168,node249,YJN,YJNR8,117.5,doi:43.2109/880,doi:92.7034/446
node125,node38,QSH,QSHR5,442.5,doi:84.1694/172,doi:22.6668/410
node184,node128,YNU,YNUR7,800.5,doi:52.7899/664,doi:49.5605/445
node115,node204,INA,INAR2,939.1,doi:55.7657/699,doi:31.8109/810
node38,node261,EJR,EJRR6,809.8,doi:57.6903/076,doi:26.5288/645
node242,node45,BFE,BFER8,822.6,doi:91.1898/336,doi:35.7799/313
node236,node142,SMX,SMXR3,781.4,doi:57.8269/284,doi:34.6552/408
node254,node7,YQV,YQVR9,119.3,doi:53.1661/550,doi:91.5163/046
node117,node202,LPV,LPVR8,377.1,doi:88.7390/293,doi:65.1257/121
node151,node87,OMZ,OMZR3,766.0,doi:41.9073/074,doi:72.7209/633
node68,node277,UDH,UDHR5,841.8,doi:37.2701/509,doi:52.0822/152
node216,node270,XBM,XBMR7,884.2,doi:51.5438/142,doi:99.4027/683
node43,node14,EXU,EXUR3,996.9,doi:26.9596/455,doi:63.4617/620
node165,node225,HDI,HDIR8,520.9,doi:73.5977/790,doi:77.0039/746
node187,node288,LWP,LWPR3,445.4,doi:51.5408/794,doi:44.9477/855
node168,node24,BCO,BCOR2,650.1,doi:43.1326/786,doi:97.3441/631
node39,node101,ORS,ORSR7,633.9,doi:02.2730/826,doi:04.6241/961
node87,node165,MUP,MUPR7,767.3,doi:89.7853/231,doi:47.0477/581
node179,node212,CPB,CPBR7,971.2,doi:69.7779/543,doi:66.6286/585
node218,node7,OLZ,OLZR9,512.2,doi:39.0783/579,doi:36.7069/142
node103,node283,ZOX,ZOXR4,204.5,doi:89.0675/835,doi:73.1705/225
node62,node128,KTA,KTAR9,715.3,doi:59.3190/530,doi:95.8685/216
node157,node210,XVD,XVDR8,373.8,doi:86.6920/841,doi:27.8026/886
node206,node296,UST,USTR6,216.5,doi:86.2771/340,doi:53.1821/676
node187,node163,YHK,YHKR7,648.3,doi:16.9987/996,doi:21.8201/135
node57,node264,BEC,BECR6,234.3,doi:15.4130/922,doi:53.7791/013
node284,node194,JTZ,JTZR8,97.7,doi:73.3763/748,doi:52.5454/198
node88,node40,PDX,PDXR1,29.3,doi:12.2575/081,doi:96.5441/186
node82,node12,TDV,TDVR7,757.5,doi:09.6888/172,doi:23.8610/393
node137,node269,IDB,IDBR2,580.9,doi:49.6378/824,doi:29.0972/221
node192,node277,RCA,RCAR9,546.7,doi:06.1058/384,doi:69.6453/804
node45,node241,LDF,LDFR9,169.6,doi:31.0365/799,doi:70.7971/024
node138,node208,GEZ,GEZR6,61.2,doi:05.7177/717,doi:44.6406/509
node18,node68,LMV,LMVR4,809.8,doi:31.6473/431,doi:01.8930/350
node4,node225,MAO,MAOR7,209.5,doi:99.5191/181,doi:99.0376/273
node239,node178,NTX,NTXR3,988.4,doi:80.4951/371,doi:28.6253/542
node121,node260,WTQ,WTQR3,77.1,doi:58.5085/705,doi:66.1750/897
node238,node213,CFV,CFVR8,387.5,doi:70.6906/096,doi:00.1321/819
node86,node227,AOP,AOPR1,578.4,doi:41.4761/713,doi:96.1691/274
node244,node293,MJK,MJKR4,813.8,doi:39.1451/173,doi:03.1878/196
node272,node66,MAD,MADR2,264.1,doi:35.3380/999,doi:43.8312/266
node38,node53,PBY,PBYR5,825.9,doi:74.9488/910,doi:94.2889/580
node161,node244,FXK,FXKR9,215.0,doi:14.5289/599,doi:61.3998/282
node205,node218,JYP,JYPR2,958.5,doi:74.2133/776,doi:40.3609/941
node147,node223,OKQ,OKQR4,431.2,doi:09.9976/663,doi:66.0692/796
node191,node116,OYI,OYIR6,321.0,doi:47.4270/797,doi:58.1803/759
node160,node196,LTA,LTAR8,243.3,doi:09.0823/226,doi:88.8313/054
node232,node245,CQE,CQER7,689.6,doi:48.8443/530,doi:42.8685/980
node125,node155,FWP,FWPR8,912.4,doi:11.6891/570,doi:42.5406/323
node261,node300,IKV,IKVR2,914.3,doi:08.7419/432,doi:42.3726/254
node186,node92,ABY,ABYR1,767.7,doi:96.2929/866,doi:59.9424/216
node57,node73,FLX,FLXR9,754.6,doi:99.1204/921,doi:44.3737/020
node25,node128,VDE,VDER9,594.2,doi:67.6065/414,doi:49.8428/410
node281,node75,RFX,RFXR3,922.4,doi:54.1309/921,doi:44.0855/083
node37,node239,ITB,ITBR5,709.6,doi:97.5210/219,doi:63.6507/731
node181,node247,KBL,KBLR1,291.3,doi:56.9312/092,doi:05.8417/258
node63,node185,JWG,JWGR7,616.9,doi:25.0809/431,doi:41.2056/127
node236,node108,NKF,NKFR7,342.8,doi:70.2986/580,doi:48.3674/124
node3,node236,SUQ,SUQR6,108.1,doi:10.7128/738,doi:53.8189/483
node84,node82,ZBC,ZBCR9,986.3,doi:73.0238/061,doi:94.0599/878
node59,node148,POY,POYR1,616.3,doi:86.2027/073,doi:77.1742/612
node217,node41,TXI,TXIR7,194.7,doi:83.7994/603,doi:11.9932/202
node167,node126,YOB,YOBR9,962.1,doi:99.0213/776,doi:24.4153/365
node278,node213,ECN,ECNR8,108.5,doi:34.1278/706,doi:86.2800/526
node6,node239,NYM,NYMR6,863.4,doi:85.5419/011,doi:95.3898/921
node93,node259,HWU,HWUR9,636.4,doi:34.3237/313,doi:67.2010/263
node169,node37,OPT,OPTR5,461.4,doi:20.6733/851,doi:08.4300/769
node200,node269,BTA,BTAR2,401.8,doi:52.5618/059,doi:06.9878/624
node142,node195,BSR,BSRR5,457.0,doi:69.6236/503,doi:19.7286/035
node122,node8,GWZ,GWZR6,565.5,doi:96.2751/362,doi:49.0120/777
node183,node302,CFK,CFKR4,81.8,doi:15.6649/387,doi:52.9203/895
node143,node138,TNA,TNAR5,886.2,doi:15.3088/322,doi:70.1853/574
node271,node302,AYJ,AYJR9,545.4,doi:38.3307/198,doi:34.5977/261
node55,node23,QXE,QXER6,73.4,doi:12.2428/571,doi:01.0545/680
node295,node48,HJD,HJDR8,787.4,doi:27.6873/984,doi:19.0792/368
node238,node292,QTF,QTFR3,154.0,doi:11.9572/612,doi:59.8345/712
node72,node159,OUP,OUPR5,844.4,doi:53.7373/535,doi:83.1363/857
node81,node233,XUZ,XUZR6,1.9,doi:98.2751/171,doi:47.1181/482
node6,node204,NRL,NRLR7,563.1,doi:18.4763/145,doi:95.0770/989
node46,node87,JXB,JXBR7,786.3,doi:94.4662/593,doi:89.0664/941
node298,node189,SQA,SQAR2,695.1,doi:07.3092/667,doi:49.5645/073
node65,node24,JEK,JEKR4,290.0,doi:89.3178/774,doi:04.7482/831
node295,node226,YKO,YKOR6,79.6,doi:80.3082/957,doi:14.7496/590
node221,node182,JLU,JLUR9,782.0,doi:62.8045/742,doi:30.5374/301
node2,node251,RFJ,RFJR8,426.3,doi:30.8095/367,doi:13.7502/915
node259,node212,NIK,NIKR3,56.2,doi:55.3317/614,doi:08.6947/836
node10,node224,RYU,RYUR5,34.1,doi:13.4404/271,doi:37.3076/320
node238,node251,DFI,DFIR9,502.5,doi:01.5737/921,doi:70.4328/147
node228,node48,QUT,QUTR9,390.1,doi:56.4744/889,doi:63.9367/299
node282,node145,RYE,RYER9,233.8,doi:09.0730/917,doi:77.6200/398
node155,node258,XIY,XIYR5,891.8,doi:96.8411/219,doi:57.6132/613
node58,node233,EZD,EZDR1,912.7,doi:09.7912/803,doi:45.9575/042
node202,node27,PIY,PIYR3,569.8,doi:01.5415/574,doi:03.6272/303
node86,node145,TGN,TGNR1,299.5,doi:71.1653/841,doi:79.9041/201
node252,node46,OYQ,OYQR3,284.1,doi:77.0907/059,doi:81.9435/060
node160,node184,YWN,YWNR8,195.2,doi:41.4959/165,doi:42.4691/328
node106,node143,HDW,HDWR7,783.1,doi:30.9549/495,doi:95.7967/187
node124,node80,EZI,EZIR9,369.7,doi:04.5475/254,doi:58.1914/255
node298,node58,NUA,NUAR1,52.5,doi:82.6979/727,doi:89.7729/770
node184,node175,KTP,KTPR8,776.7,doi:66.7303/789,doi:16.2286/132
node279,node81,VBR,VBRR5,442.5,doi:70.3868/671,doi:13.9797/228
node239,node149,YIH,YIHR2,365.3,doi:71.0586/775,doi:45.1783/663
node158,node261,XOW,XOWR4,362.8,doi:64.0640/963,doi:94.3737/270
node98,node152,OPZ,OPZR1,655.4,doi:22.7463/741,doi:31.3178/928
node97,node164,DJP,DJPR1,614.1,doi:21.3612/768,doi:17.0977/864
node69,node4,WDL,WDLR4,982.3,doi:19.1627/074,doi:82.6322/150
node166,node241,IAN,IANR7,809.7,doi:57.8554/204,doi:83.2921/989
node269,node48,NSA,NSAR5,864.3,doi:21.5800/734,doi:12.2158/355
node202,node51,JIA,JIAR8,908.2,doi:28.9013/142,doi:98.2804/834
node228,node284,IFT,IFTR5,907.5,doi:14.7052/922,doi:72.9706/487
node297,node38,ZXA,ZXAR4,659.9,doi:41.3382/737,doi:41.8555/794
node161,node163,MUJ,MUJR3,949.1,doi:39.2680/667,doi:76.0282/703
node203,node199,ARQ,ARQR4,541.7,doi:53.6010/899,doi:62.7163/476
node293,node56,XQA,XQAR4,175.4,doi:30.7837/086,doi:34.8836/713
node116,node78,MIW,MIWR5,338.4,doi:00.4545/527,doi:64.2590/002
node218,node291,ESP,ESPR2,891.9,doi:57.9980/241,doi:28.9787/873
node210,node43,MXS,MXSR7,327.0,doi:37.5843/211,doi:32.3311/059
node233,node186,KPM,KPMR4,810.5,doi:13.8687/725,doi:74.3779/411
node31,node150,ERK,ERKR8,666.0,doi:52.9204/474,doi:45.5258/965
node187,node137,CQD,CQDR5,753.0,doi:87.0974/130,doi:25.2038/104
node253,node232,BVA,BVAR2,533.1,doi:13.0540/444,doi:75.6650/776
node254,node21,TJA,TJAR6,15.5,doi:58.1955/734,doi:24.9806/096
node300,node145,RFZ,RFZR5,534.5,doi:77.8903/136,doi:73.9467/780
node236,node178,KSB,KSBR6,135.1,doi:62.1123/833,doi:78.9144/810
node281,node136,NKO,NKOR1,351.8,doi:18.6339/859,doi:23.1991/848
node161,node34,XGN,XGNR9,967.9,doi:97.1382/335,doi:10.6101/271
node289,node227,KWX,KWXR2,70.4,doi:96.2992/458,doi:29.9347/038
node279,node85,CUM,CUMR9,176.8,doi:59.6901/083,doi:46.7981/706
node44,node61,ALH,ALHR6,254.2,doi:18.9618/531,doi:68.2288/888
node87,node20,WAB,WABR6,816.7,doi:22.0521/383,doi:67.1249/498
node134,node272,XZS,XZSR6,198.7,doi:66.1862/916,doi:22.5573/918
node255,node13,UAB,UABR2,27.3,doi:39.6948/653,doi:08.5040/954
node282,node22,XAU,XAUR3,995.9,doi:01.3873/909,doi:15.4943/456
node23,node85,XKN,XKNR5,817.5,doi:59.8413/861,doi:58.3436/392
node206,node282,PFA,PFAR3,273.6,doi:12.3988/063,doi:86.8001/163
node117,node173,MDA,MDAR8,366.9,doi:03.9138/384,doi:93.7929/294
node248,node54,IJF,IJFR5,781.9,doi:56.3868/184,doi:40.0729/611
node113,node280,NUQ,NUQR5,360.4,doi:51.3544/455,doi:47.1006/393
node181,node274,WGF,WGFR5,234.9,doi:14.8756/372,doi:82.6499/447
node1,node143,PIT,PITR8,202.3,doi:25.1109/900,doi:11.2131/547
node179,node188,DKT,DKTR7,148.1,doi:55.4583/366,doi:59.0086/107
node24,node90,ATO,ATOR8,171.9,doi:15.9491/325,doi:03.2801/472
node39,node297,REZ,REZR8,79.5,doi:40.0739/287,doi:58.5966/693
node291,node138,VQJ,VQJR2,348.9,doi:90.5247/646,doi:65.3501/508
node113,node168,UWK,UWKR6,614.6,doi:75.6395/257,doi:47.7215/018
node127,node173,DXJ,DXJR8,838.8,doi:84.8676/252,doi:98.5796/718
node87,node155,GRC,GRCR2,541.1,doi:76.5781/106,doi:98.1531/290
node199,node102,JFO,JFOR1,34.3,doi:37.1881/254,doi:57.5425/228
node227,node27,SAN,SANR9,941.8,doi:64.9392/794,doi:97.8278/007
node6,node52,NMA,NMAR9,367.8,doi:93.9007/356,doi:60.2072/779
node97,node84,RBJ,RBJR5,611.9,doi:09.5584/730,doi:61.8825/395
node48,node46,KSI,KSIR8,132.9,doi:31.3354/413,doi:13.5769/468
node12,node121,NVR,NVRR4,847.3,doi:35.7628/568,doi:88.0711/343
node301,node207,XAE,XAER3,656.8,doi:89.5488/793,doi:34.6489/742
node133,node76,YWP,YWPR8,274.7,doi:23.2038/779,doi:82.9878/722
node156,node142,DUI,DUIR9,323.6,doi:40.2140/691,doi:02.2395/246
node177,node236,YER,YERR5,571.6,doi:59.2712/596,doi:45.7212/087
node195,node42,BND,BNDR4,538.2,doi:67.5286/522,doi:48.4919/229
node1,node134,DEG,DEGR4,850.3,doi:46.5740/395,doi:16.0897/110
node42,node202,DLM,DLMR1,457.7,doi:31.8245/914,doi:46.2144/791
node213,node171,XKQ,XKQR8,248.3,doi:89.0832/050,doi:29.9919/951
node191,node123,UTD,UTDR7,787.7,doi:15.2804/182,doi:50.3295/867
node168,node294,LOB,LOBR4,449.6,doi:08.1002/868,doi:38.2689/682
node301,node192,IEF,IEFR2,190.0,doi:54.0229/330,doi:86.9900/116
node1,node253,XFK,XFKR8,57.4,doi:27.5981/943,doi:71.6456/282
node163,node143,IWX,IWXR5,260.6,doi:96.9611/304,doi:79.1892/871
node176,node189,DQC,DQCR7,618.0,doi:33.4438/071,doi:99.4190/139
node7,node3,RKQ,RKQR4,174.4,doi:07.1420/870,doi:11.8847/062
node245,node223,ZEQ,ZEQR8,564.1,doi:51.6377/140,doi:32.5812/484
node78,node254,WLI,WLIR3,803.4,doi:20.9367/593,doi:29.9911/336
node93,node94,LYC,LYCR9,762.3,doi:85.0179/087,doi:54.6308/131
node287,node33,NAO,NAOR4,717.8,doi:20.6975/929,doi:90.6629/934
node72,node296,RKU,RKUR2,189.4,doi:60.6826/130,doi:67.3093/209
node122,node144,CGP,CGPR5,258.9,doi:04.1610/806,doi:46.8949/823
node280,node98,OQE,OQER6,539.8,doi:35.1860/814,doi:27.2318/694
node60,node33,WLM,WLMR8,259.5,doi:83.7998/280,doi:76.7405/606
node286,node280,INV,INVR7,732.6,doi:96.7136/741,doi:48.7320/494
node302,node34,AGD,AGDR4,843.8,doi:50.4905/456,doi:81.9849/606
node223,node221,DKM,DKMR4,587.6,doi:05.3762/811,doi:93.1392/269
node22,node137,VKT,VKTR1,147.0,doi:79.3833/869,doi:26.9941/934
node188,node275,ZVX,ZVXR3,694.5,doi:23.9615/332,doi:83.0516/567
node240,node112,VLN,VLNR9,267.6,doi:29.8853/169,doi:38.6120/522
node186,node221,AYH,AYHR9,98.9,doi:10.8770/989,doi:56.3554/809
node269,node166,UFG,UFGR6,261.2,doi:88.3189/256,doi:88.9139/577
node11,node283,ZET,ZETR2,554.7,doi:73.7859/986,doi:36.6176/230
node131,node279,EJP,EJPR1,701.6,doi:76.7881/230,doi:51.0959/851
node76,node86,LNE,LNER7,118.2,doi:61.3939/893,doi:52.2958/214
node2,node123,XSJ,XSJR7,190.8,doi:62.2245/558,doi:79.9981/569
node277,node72,UTF,UTFR4,923.6,doi:88.7921/624,doi:51.9554/839
node160,node58,EQK,EQKR9,891.9,doi:40.1486/598,doi:40.5014/653
node44,node197,KCT,KCTR7,55.8,doi:00.6229/688,doi:64.1607/009
node291,node3,WQT,WQTR1,1.0,doi:42.1525/809,doi:87.5798/178
node267,node6,WGO,WGOR2,421.2,doi:33.8045/692,doi:97.5525/360
node218,node162,NFR,NFRR5,738.8,doi:03.3898/958,doi:08.3285/951
node287,node99,INP,INPR3,332.9,doi:46.1411/048,doi:53.0592/069
node301,node201,FZW,FZWR3,178.8,doi:10.9825/832,doi:81.2832/160
node296,node141,SIF,SIFR1,894.6,doi:51.3955/657,doi:62.7421/125
node284,node283,PQR,PQRR3,715.9,doi:18.8696/990,doi:61.0425/485
node286,node43,VHX,VHXR5,757.9,doi:77.3170/040,doi:55.9228/394
node299,node231,ICV,ICVR2,248.3,doi:82.7508/816,doi:06.4906/648
node119,node82,WBQ,WBQR9,699.5,doi:24.9346/807,doi:30.1399/396
node206,node28,RSM,RSMR2,956.5,doi:69.8156/246,doi:07.7731/764
node148,node26,WMK,WMKR6,3.6,doi:95.8150/213,doi:35.7300/418
node230,node1,WLE,WLER2,972.1,doi:14.6407/618,doi:61.5120/512
node82,node279,NKI,NKIR2,556.1,doi:24.3309/472,doi:52.3371/117
node235,node217,RSX,RSXR4,418.6,doi:32.4110/308,doi:55.1505/612
node184,node192,LJV,LJVR7,680.1,doi:85.8938/564,doi:22.8850/637
node200,node64,HFK,HFKR5,577.2,doi:74.4229/968,doi:76.2823/605
node19,node149,GEQ,GEQR3,56.6,doi:18.3787/533,doi:52.7438/864
node226,node126,PKW,PKWR8,969.4,doi:38.9465/644,doi:48.0237/479
node69,node101,BNM,BNMR7,662.3,doi:42.1427/293,doi:02.8316/093
node87,node79,GFB,GFBR6,855.6,doi:32.7015/793,doi:04.8047/063
node179,node202,IUW,IUWR9,710.7,doi:85.4713/143,doi:08.3200/629
node164,node241,ZTG,ZTGR9,843.6,doi:37.4584/080,doi:36.4871/030
node255,node80,ART,ARTR1,35.5,doi:19.8284/653,doi:35.7141/505
node23,node90,PKS,PKSR8,286.1,doi:98.7602/478,doi:38.9643/859
node37,node66,PEL,PELR9,941.9,doi:93.9634/677,doi:96.1244/277
node19,node128,VMI,VMIR9,148.3,doi:76.4223/046,doi:01.3622/879
node74,node115,BTG,BTGR2,210.0,doi:36.7949/063,doi:32.0693/553
node284,node246,DEX,DEXR2,629.9,doi:44.7500/952,doi:00.7770/767
node4,node157,JNU,JNUR7,953.1,doi:00.0082/776,doi:98.5738/074
node148,node261,OIE,OIER6,223.9,doi:25.2797/879,doi:11.9529/358
node58,node234,KPA,KPAR2,630.1,doi:19.8300/505,doi:22.8459/521
node213,node201,JAT,JATR3,280.7,doi:37.7822/102,doi:71.3703/867
node58,node33,QVK,QVKR8,194.2,doi:88.1187/441,doi:48.7847/221
node98,node100,NKU,NKUR7,696.1,doi:64.8843/870,doi:41.5633/430
node243,node11,KLM,KLMR8,383.1,doi:17.5164/767,doi:88.9389/045
node76,node161,YMZ,YMZR5,846.6,doi:85.2935/145,doi:20.7726/008
node201,node50,KOB,KOBR8,214.7,doi:53.9437/847,doi:03.5166/491
node192,node82,NOF,NOFR5,566.5,doi:73.0145/523,doi:36.3127/839
node263,node70,TVO,TVOR5,842.8,doi:92.4921/008,doi:00.5527/237
node242,node144,GMI,GMIR7,485.1,doi:81.5092/183,doi:51.6502/705
node245,node272,IHA,IHAR5,437.3,doi:03.2271/999,doi:50.3401/976
node295,node33,VOR,VORR2,811.2,doi:27.8672/443,doi:53.1118/117
node74,node294,QPB,QPBR5,61.7,doi:95.1619/144,doi:93.4097/606
node302,node270,OTC,OTCR7,344.5,doi:24.0652/627,doi:42.5959/482
node96,node59,HYU,HYUR7,186.8,doi:35.1551/643,doi:74.3990/623
node265,node83,DOA,DOAR8,187.2,doi:59.4989/893,doi:35.5242/834
node249,node247,STA,STAR5,663.3,doi:82.9724/460,doi:64.2982/609
node217,node255,BUO,BUOR2,288.5,doi:28.4757/330,doi:48.2153/659
node140,node288,PWN,PWNR7,281.3,doi:75.1237/408,doi:37.5268/886
node32,node195,HLO,HLOR2,138.1,doi:01.4040/976,doi:44.3329/993
node58,node243,GPB,GPBR4,667.0,doi:48.1620/167,doi:19.4814/719
node71,node234,CPB,CPBR9,611.1,doi:12.4580/497,doi:11.9583/790
node128,node17,WRD,WRDR7,501.7,doi:07.0408/580,doi:59.8106/540
node85,node49,BDH,BDHR9,382.2,doi:82.4464/422,doi:36.1115/560
node41,node185,YHW,YHWR6,974.2,doi:81.4760/555,doi:39.4894/445
node239,node198,VJN,VJNR6,824.5,doi:75.7504/526,doi:59.7410/861
node227,node72,TSP,TSPR6,987.5,doi:04.6811/365,doi:31.7892/566
node132,node210,UWG,UWGR6,616.3,doi:88.5768/258,doi:89.9623/357
node14,node35,VQG,VQGR3,70.5,doi:41.4695/983,doi:79.3200/097
node118,node289,WDJ,WDJR5,429.0,doi:61.6647/055,doi:42.9470/911
node53,node208,TES,TESR6,71.5,doi:86.2162/488,doi:11.2242/008
node266,node241,REY,REYR1,278.1,doi:97.2931/054,doi:35.7073/953
node160,node101,GQZ,GQZR8,808.1,doi:35.9270/488,doi:87.5418/602
node131,node262,SFM,SFMR2,947.2,doi:48.1412/696,doi:93.4674/548
node85,node223,BRL,BRLR2,729.0,doi:96.0713/736,doi:01.2973/067
node15,node210,ECX,ECXR1,842.0,doi:88.5628/542,doi:68.2164/790
node283,node148,USE,USER4,187.8,doi:16.8193/260,doi:46.5667/391
node146,node155,GIM,GIMR5,596.5,doi:38.3758/089,doi:87.4410/177
node117,node145,BUH,BUHR1,588.7,doi:99.7532/193,doi:79.4267/397
node151,node157,LIZ,LIZR8,500.1,doi:85.2375/535,doi:04.2922/455
node266,node46,WRY,WRYR5,244.2,doi:29.5785/965,doi:20.8836/109
node7,node122,TVU,TVUR3,307.4,doi:88.2276/821,doi:35.3353/784
node72,node129,LSF,LSFR9,750.8,doi:40.5722/027,doi:13.2345/238
node165,node190,BSQ,BSQR3,496.3,doi:00.7554/377,doi:68.6976/469
node286,node284,UCE,UCER8,455.6,doi:23.9747/547,doi:83.8023/612
node48,node237,ATO,ATOR7,786.3,doi:10.6804/467,doi:94.4777/357
node207,node184,EHZ,EHZR2,261.1,doi:62.2315/287,doi:43.2789/701
node295,node181,YKT,YKTR9,185.6,doi:10.6768/704,doi:52.9996/208
node151,node278,RXY,RXYR9,51.8,doi:28.7603/151,doi:59.1201/839
node115,node75,MGE,MGER8,157.0,doi:33.9601/333,doi:86.0004/169
node211,node64,RTE,RTER3,126.0,doi:18.7730/265,doi:87.4994/039
node27,node74,UVM,UVMR5,652.5,doi:84.3343/903,doi:84.4933/523
node150,node134,ZRW,ZRWR3,594.8,doi:50.7337/434,doi:29.1124/843
node160,node1,YQG,YQGR6,930.7,doi:63.8054/465,doi:30.5253/000
node93,node115,MUH,MUHR9,409.8,doi:95.7032/920,doi:73.4047/817
node27,node120,SCX,SCXR8,173.1,doi:09.9721/787,doi:47.5841/279
node93,node31,GJL,GJLR3,711.3,doi:60.7821/649,doi:19.7066/814
node14,node288,BKP,BKPR8,496.8,doi:61.3924/582,doi:47.1381/738
node225,node277,XKM,XKMR2,702.2,doi:83.8231/281,doi:64.8665/196
node7,node234,SLF,SLFR8,411.7,doi:96.8656/791,doi:66.2157/787
node190,node183,IPZ,IPZR1,199.7,doi:94.1569/205,doi:74.7694/607
node80,node249,HJW,HJWR3,25.1,doi:29.7485/667,doi:51.9800/668
node173,node257,PKL,PKLR1,671.4,doi:64.8636/326,doi:36.4155/018
node71,node291,ZJV,ZJVR1,855.7,doi:68.1440/590,doi:23.0432/380
node29,node22,FAR,FARR3,830.9,doi:04.6126/837,doi:72.6691/697
node90,node269,DYN,DYNR2,440.8,doi:18.7675/066,doi:97.9263/588
node105,node129,REI,REIR2,766.6,doi:48.4175/122,doi:04.4496/424
node148,node246,XIR,XIRR2,583.2,doi:91.5036/316,doi:20.0688/291
node135,node186,MUW,MUWR1,155.7,doi:78.7814/413,doi:17.1012/970
node227,node112,HAS,HASR7,362.7,doi:32.7698/339,doi:54.1613/066
node252,node264,TUJ,TUJR7,79.4,doi:25.2843/702,doi:87.4967/783
node103,node244,JNQ,JNQR4,513.9,doi:59.4764/917,doi:87.2315/434
node239,node168,SKV,SKVR1,488.2,doi:21.1001/360,doi:18.4535/561
node61,node290,IQJ,IQJR1,529.6,doi:25.5157/797,doi:11.7027/246
node58,node26,OJI,OJIR7,310.5,doi:03.0711/510,doi:76.5616/751
node105,node293,UTI,UTIR6,136.0,doi:26.8381/866,doi:89.7368/107
node194,node168,FGN,FGNR4,127.3,doi:31.7956/530,doi:77.9051/111
node239,node208,FBU,FBUR3,433.8,doi:66.1394/659,doi:89.0219/788
node27,node183,USX,USXR7,541.8,doi:86.8494/064,doi:91.4731/220
node243,node188,GIK,GIKR9,174.6,doi:14.7082/671,doi:15.2098/436
node8,node5,QEJ,QEJR9,110.3,doi:69.6458/859,doi:16.3161/053
node291,node296,PBM,PBMR5,799.1,doi:74.5375/047,doi:00.9605/022
node228,node94,JTQ,JTQR5,923.2,doi:99.6151/687,doi:12.1401/576
node218,node202,CGQ,CGQR1,496.7,doi:02.3223/157,doi:86.8604/614
node135,node226,ROL,ROLR7,122.9,doi:55.0301/405,doi:97.6740/844
node37,node85,VHI,VHIR4,783.8,doi:92.8777/002,doi:19.8180/946
node178,node289,ANI,ANIR5,836.9,doi:76.0090/658,doi:55.0840/749
node164,node202,WZO,WZOR2,697.7,doi:85.3596/060,doi:89.1286/175
node108,node281,IHE,IHER3,765.8,doi:20.0205/580,doi:70.9471/844
node1,node42,MAP,MAPR7,97.5,doi:79.5828/338,doi:04.4745/656
node131,node87,XIF,XIFR3,830.3,doi:85.3914/422,doi:94.2850/475
node138,node94,WKG,WKGR3,717.7,doi:66.3258/556,doi:46.7546/717
node192,node254,KHF,KHFR8,341.9,doi:45.2865/634,doi:75.2726/206
node166,node55,SIV,SIVR5,231.2,doi:43.9960/640,doi:50.2655/629
node131,node108,JYS,JYSR9,662.5,doi:20.7843/278,doi:01.6543/937
node7,node217,VOK,VOKR2,696.2,doi:15.8729/873,doi:79.5188/602
node70,node257,GAU,GAUR3,640.1,doi:41.2943/987,doi:24.5865/126
node282,node49,CRJ,CRJR5,3.0,doi:00.1186/951,doi:13.9664/872
node12,node294,PWB,PWBR4,317.9,doi:19.1063/153,doi:16.6931/866
node256,node276,ODY,ODYR8,729.3,doi:40.3336/255,doi:60.7223/284
node30,node117,MBT,MBTR8,436.3,doi:54.6050/508,doi:11.1532/473
node42,node224,NCR,NCRR8,451.0,doi:71.2969/019,doi:01.1278/495
node179,node76,OQD,OQDR9,735.7,doi:70.3872/998,doi:24.4530/478
node274,node269,MNA,MNAR5,279.5,doi:11.0466/860,doi:00.6911/967
node17,node244,YTK,YTKR2,597.2,doi:47.1090/623,doi:40.2855/671
node202,node90,ANK,ANKR5,977.4,doi:97.4886/882,doi:29.4344/114
node73,node210,XHR,XHRR4,683.4,doi:53.5883/412,doi:62.6325/491
node289,node232,FTU,FTUR5,3.8,doi:12.8437/431,doi:74.1814/468
node20,node187,JTG,JTGR8,901.3,doi:94.2359/991,doi:24.6129/465
node82,node266,PQI,PQIR9,226.4,doi:69.9485/445,doi:56.1589/755
node174,node20,RYI,RYIR6,455.7,doi:10.5125/167,doi:61.6907/410
node45,node7,FRC,FRCR1,731.3,doi:77.3267/413,doi:72.4650/128
node244,node259,EDF,EDFR9,17.1,doi:01.0382/004,doi:14.6265/964
node175,node210,TFA,TFAR1,991.7,doi:79.3461/903,doi:23.8481/388
node145,node295,RQB,RQBR8,307.2,doi:72.5997/097,doi:41.3179/136
node105,node205,YEZ,YEZR9,269.1,doi:58.4616/962,doi:59.0557/345
node28,node29,UTX,UTXR9,775.3,doi:12.9155/519,doi:29.7706/012
node162,node90,OXH,OXHR8,584.7,doi:34.9112/022,doi:92.3426/655
node195,node299,NWO,NWOR1,310.0,doi:38.1108/288,doi:17.1414/796
node251,node23,IQL,IQLR5,821.1,doi:00.3578/483,doi:97.4460/219
node206,node16,WAU,WAUR3,259.1,doi:95.6626/724,doi:92.5878/649
node268,node81,ZJR,ZJRR5,955.8,doi:90.5108/662,doi:82.5424/768
node299,node252,NOG,NOGR4,833.3,doi:13.4312/739,doi:71.0850/751
node106,node227,BOJ,BOJR8,537.4,doi:45.6807/419,doi:28.4799/213
node96,node211,OPY,OPYR3,963.5,doi:09.1182/394,doi:56.7699/597
node46,node236,GUA,GUAR4,315.2,doi:17.8645/162,doi:78.8447/196
node139,node45,BSL,BSLR1,205.1,doi:86.5219/464,doi:80.9959/955
node215,node29,PKO,PKOR6,747.6,doi:27.5213/473,doi:83.4683/211
node97,node96,GOL,GOLR1,387.3,doi:13.2849/565,doi:42.2410/214
node245,node154,LCB,LCBR6,474.4,doi:14.6072/578,doi:26.2031/511
node25,node29,ZPH,ZPHR7,170.3,doi:99.0605/880,doi:92.7706/805
node95,node49,QRC,QRCR4,971.0,doi:94.5367/878,doi:00.6728/432
node267,node134,EHM,EHMR4,869.2,doi:22.9744/874,doi:24.1176/762
node52,node173,XYA,XYAR1,947.4,doi:52.4419/962,doi:13.6237/129
node128,node78,DOR,DORR4,522.9,doi:29.8897/634,doi:60.8630/901
node185,node41,IFE,IFER9,658.1,doi:37.9956/650,doi:37.8035/435
node229,node247,WXB,WXBR9,407.0,doi:93.6528/301,doi:04.7253/128
node2,node36,BEQ,BEQR1,980.7,doi:22.8016/056,doi:59.3572/729
node107,node230,YLX,YLXR2,233.3,doi:47.8259/468,doi:88.9182/795
node59,node56,ZPY,ZPYR8,292.0,doi:58.4712/493,doi:67.0553/836
node283,node62,YKX,YKXR7,558.7,doi:96.6661/680,doi:67.9498/943
node72,node106,MPY,MPYR4,43.5,doi:84.1748/002,doi:21.2721/408
node56,node220,CTN,CTNR5,428.6,doi:70.8652/875,doi:20.3158/747
node141,node240,BUW,BUWR2,446.5,doi:74.6954/921,doi:08.6225/673
node210,node292,TLA,TLAR6,666.2,doi:98.8382/670,doi:57.3363/370
node181,node241,MRL,MRLR4,588.7,doi:35.1724/161,doi:79.3857/705
node166,node195,GUD,GUDR1,294.3,doi:80.0881/613,doi:03.9945/367
node81,node62,ECD,ECDR7,947.6,doi:97.0214/692,doi:25.8058/429
node196,node231,SMK,SMKR6,897.0,doi:86.2595/285,doi:22.2202/037
node48,node272,DGI,DGIR4,355.9,doi:17.5550/289,doi:62.8647/801
node34,node21,CWF,CWFR7,523.3,doi:34.1086/828,doi:68.6827/213
node277,node114,BVS,BVSR9,729.3,doi:68.2764/057,doi:96.6721/643
node50,node214,TOL,TOLR5,180.8,doi:90.1791/950,doi:47.0341/499
node5,node220,DBH,DBHR5,67.9,doi:89.8517/862,doi:56.1492/011
node232,node113,KMZ,KMZR2,818.8,doi:77.5509/944,doi:63.8627/533
node107,node90,TIN,TINR5,418.1,doi:07.9298/474,doi:85.2918/797
node234,node41,UJQ,UJQR4,171.2,doi:48.6348/098,doi:78.8952/226
node143,node62,BNU,BNUR2,966.8,doi:10.4630/318,doi:59.1091/764
node109,node101,FYT,FYTR5,613.2,doi:90.2352/411,doi:29.7738/090
node267,node175,ION,IONR6,43.8,doi:09.4408/573,doi:86.9659/666
node291,node4,KQF,KQFR5,296.8,doi:24.7392/102,doi:37.4915/474
node288,node206,ICB,ICBR2,288.2,doi:72.1834/009,doi:96.8699/312
node181,node285,HBZ,HBZR7,293.4,doi:15.6663/248,doi:92.7664/777
node187,node200,UAN,UANR9,113.3,doi:02.7698/142,doi:18.1109/360
node293,node267,MKD,MKDR8,995.6,doi:59.3190/565,doi:71.8208/899
node109,node183,ZNW,ZNWR9,793.2,doi:83.8702/754,doi:37.1516/990
node240,node302,GRW,GRWR9,810.9,doi:25.6943/403,doi:43.3372/895
node161,node107,IQE,IQER6,692.9,doi:07.7321/393,doi:28.8125/746
node49,node236,EWC,EWCR4,215.0,doi:97.7151/232,doi:28.1390/809
node97,node254,HPA,HPAR3,616.8,doi:15.2154/981,doi:50.6093/702
node245,node81,ILR,ILRR1,587.0,doi:72.7628/289,doi:89.3759/928
node67,node42,IMJ,IMJR7,622.1,doi:82.1820/168,doi:75.3987/698
node116,node86,NZW,NZWR5,689.1,doi:58.3791/578,doi:08.5387/366
node228,node298,CVQ,CVQR6,296.7,doi:48.5416/704,doi:45.0088/626
node18,node171,KFT,KFTR9,222.9,doi:95.4450/671,doi:78.7996/280
node66,node291,KLI,KLIR3,930.1,doi:07.5960/859,doi:91.8617/168
node19,node77,YEN,YENR9,726.7,doi:81.9871/147,doi:42.8331/158
node99,node244,EWS,EWSR6,602.6,doi:75.4862/508,doi:50.8042/914
node56,node59,CRX,CRXR7,796.1,doi:16.6276/447,doi:52.7390/807
node65,node296,WHU,WHUR7,455.0,doi:29.8927/646,doi:66.4448/662
node79,node169,FZR,FZRR7,269.0,doi:16.7519/804,doi:59.4010/742
node59,node52,XVA,XVAR1,670.0,doi:33.7219/678,doi:68.3331/280
node107,node9,BHE,BHER3,896.7,doi:32.9288/725,doi:14.1234/114
node163,node221,XKS,XKSR6,761.4,doi:40.7832/222,doi:61.8195/755
node26,node189,KSE,KSER9,146.8,doi:99.8404/338,doi:22.0096/334
node192,node135,SCU,SCUR9,980.3,doi:27.8156/706,doi:41.9469/254
node206,node209,PXA,PXAR6,450.7,doi:50.1556/607,doi:22.2227/699
node15,node195,WLH,WLHR9,133.6,doi:30.8021/216,doi:42.7470/501
node13,node175,EVX,EVXR7,639.2,doi:06.2590/230,doi:65.3164/466
node245,node283,PWJ,PWJR7,944.6,doi:49.4496/588,doi:80.6856/689
node85,node243,WKR,WKRR2,637.3,doi:28.0290/271,doi:51.9007/506
node50,node217,IMJ,IMJR1,951.2,doi:23.9760/783,doi:82.9150/894
node197,node83,MEC,MECR9,595.3,doi:98.5391/827,doi:77.2962/481
node124,node122,XOK,XOKR8,162.5,doi:74.9916/912,doi:76.9730/641
node272,node240,WFA,WFAR4,878.6,doi:97.9704/311,doi:32.4112/808
node300,node94,LXP,LXPR1,270.2,doi:26.4012/970,doi:37.4956/882
node298,node104,ROX,ROXR1,375.9,doi:46.1148/494,doi:39.5836/575
node173,node268,MTW,MTWR7,641.2,doi:31.8406/093,doi:91.3250/344
node157,node78,MKJ,MKJR3,308.6,doi:60.8264/516,doi:65.1334/743
node45,node139,THI,THIR4,271.9,doi:02.6708/226,doi:45.1285/627
node152,node160,NSL,NSLR2,142.6,doi:64.3959/973,doi:19.1743/382
node90,node210,FCP,FCPR9,985.3,doi:76.2748/555,doi:85.0880/106
node30,node297,LWB,LWBR3,273.8,doi:96.4830/444,doi:47.5356/370
node207,node157,WVA,WVAR2,79.8,doi:30.4777/204,doi:66.3683/985
node147,node257,IGT,IGTR2,516.4,doi:02.3186/169,doi:81.4985/622
node18,node302,RJM,RJMR5,686.7,doi:92.1228/791,doi:19.1306/994
node171,node190,PVO,PVOR7,169.3,doi:24.9374/940,doi:77.1369/652
node82,node59,QCN,QCNR9,932.3,doi:90.7404/063,doi:66.1605/720
node80,node242,HIP,HIPR9,208.5,doi:85.8349/755,doi:90.7528/256
node99,node73,WLU,WLUR9,279.9,doi:71.9384/932,doi:18.5576/197
node143,node209,EPW,EPWR5,64.0,doi:20.6337/484,doi:54.7933/419
node100,node30,WTF,WTFR3,991.2,doi:02.4267/944,doi:52.8279/375
node69,node258,VYQ,VYQR5,880.7,doi:76.2814/924,doi:95.8372/916
node286,node117,NGS,NGSR1,634.6,doi:41.2968/381,doi:47.1278/494
node260,node136,UOS,UOSR4,793.3,doi:86.2402/681,doi:03.5092/639
node48,node201,SDP,SDPR6,76.6,doi:69.9058/381,doi:17.3884/562
node224,node280,IUY,IUYR7,431.3,doi:54.5435/110,doi:64.3667/923
node195,node273,SJG,SJGR6,663.0,doi:67.1670/146,doi:73.7799/729
node185,node265,BTK,BTKR6,249.2,doi:49.2782/655,doi:50.0700/373
node238,node283,IQF,IQFR2,158.4,doi:44.1744/744,doi:92.9731/716
node164,node35,LGY,LGYR2,781.5,doi:39.8995/231,doi:17.7930/563
node78,node109,EZX,EZXR4,106.7,doi:55.4518/964,doi:97.5445/489
node165,node298,BWM,BWMR6,37.5,doi:33.7565/081,doi:43.1701/876
node38,node183,UQD,UQDR8,927.4,doi:73.4048/253,doi:00.3864/915
node211,node54,GPT,GPTR7,449.9,doi:14.8420/128,doi:81.1176/602
node190,node280,SWF,SWFR7,889.8,doi:85.9545/918,doi:67.8512/112
node78,node193,AKB,AKBR8,31.3,doi:29.1293/351,doi:89.2075/728
node235,node277,SHK,SHKR8,238.6,doi:20.9875/597,doi:68.0970/142
node116,node262,FKT,FKTR6,925.8,doi:32.2518/521,doi:10.3606/211
node137,node292,XNO,XNOR5,940.4,doi:00.6961/750,doi:09.9342/877
node245,node220,RZA,RZAR3,509.8,doi:46.3029/700,doi:95.2560/983
node248,node155,TRU,TRUR3,256.6,doi:59.4767/396,doi:68.9093/362
node192,node135,DSX,DSXR2,802.3,doi:05.2028/066,doi:54.3507/910
node121,node52,PVY,PVYR8,384.8,doi:33.6845/503,doi:18.7537/722
node80,node238,ZKB,ZKBR7,339.0,doi:95.9974/542,doi:73.1974/093
node223,node251,ZWE,ZWER2,152.9,doi:09.7594/387,doi:39.0459/933
node137,node166,RQF,RQFR4,896.0,doi:75.6892/615,doi:26.5255/643
node217,node90,DIL,DILR2,13.0,doi:01.5423/212,doi:31.4544/855
node128,node153,HVN,HVNR5,113.9,doi:19.0808/119,doi:24.9112/136
node161,node142,SKP,SKPR9,243.6,doi:27.9060/581,doi:25.0936/291
node116,node106,RLU,RLUR9,362.5,doi:75.1626/859,doi:18.5846/214
node96,node233,AKJ,AKJR3,32.8,doi:87.6197/631,doi:27.9271/684
node295,node256,RZI,RZIR2,821.4,doi:78.5525/827,doi:68.5970/693
node214,node219,SMF,SMFR5,456.0,doi:14.4768/821,doi:15.1854/207
node260,node149,OZV,OZVR2,314.4,doi:45.4145/678,doi:54.5646/986
node84,node288,CGL,CGLR6,423.4,doi:32.7079/157,doi:49.0074/783
node190,node280,PAE,PAER5,110.4,doi:97.0825/604,doi:17.4456/346
node236,node117,FMU,FMUR3,650.7,doi:99.6917/638,doi:33.2188/012
node207,node194,OSV,OSVR4,897.9,doi:50.1966/012,doi:12.4478/983
node217,node239,VAL,VALR3,315.0,doi:26.0711/461,doi:98.7445/566
node217,node13,HFT,HFTR8,359.1,doi:09.9908/241,doi:60.0376/864
node41,node1,QGZ,QGZR4,851.1,doi:38.5486/506,doi:07.4591/803
node253,node176,YRD,YRDR4,572.7,doi:11.7226/999,doi:99.8747/261
node126,node273,KMP,KMPR1,825.9,doi:74.1180/437,doi:94.7149/826
node199,node300,RYD,RYDR9,192.0,doi:73.2278/309,doi:61.0140/058
node39,node108,FRG,FRGR1,246.2,doi:41.7270/838,doi:28.2538/268
node31,node220,BVP,BVPR2,663.4,doi:16.3551/537,doi:67.8644/449
node132,node131,KFO,KFOR1,718.5,doi:09.8533/051,doi:96.4569/960
node135,node229,DWJ,DWJR7,358.9,doi:21.7890/509,doi:51.3113/924
node289,node18,PFZ,PFZR9,978.8,doi:37.8420/748,doi:88.8337/048
node179,node82,HZA,HZAR9,849.3,doi:69.0954/839,doi:78.5241/340
node251,node129,WGZ,WGZR5,802.4,doi:16.3570/671,doi:85.7349/901
node250,node261,DZC,DZCR8,788.3,doi:37.8848/571,doi:18.2749/349
node138,node192,ZOR,ZORR3,698.9,doi:09.5874/136,doi:68.7311/313
node230,node302,OHW,OHWR5,22.6,doi:97.6663/002,doi:22.6863/181
node86,node26,FKM,FKMR9,24.0,doi:32.1463/442,doi:75.6116/739